{
  "components": [
    "diam",
    "interpro",
    "cnn",
    "net_union",
    "esm2_knn",
    "proteinfer",
    "esm2_head"
  ],
  "features": "scores",
  "aspects": {
    "MF": {
      "mean": [
        0.011266960157595752,
        0.007617011892038611,
        0.13894588362873572,
        0.021601285055594898,
        0.021333145865263043,
        0.02036320763366193,
        0.031132071164230946
      ],
      "scale": [
        0.07476403121792555,
        0.08694246960993843,
        0.1825656753145864,
        0.09903201117470525,
        0.10930884433988838,
        0.14049910093818185,
        0.11357759942570553
      ],
      "coef": [
        0.5186707973480225,
        0.0021181562915444374,
        0.1480640172958374,
        0.20411895215511322,
        0.22258475422859192,
        0.1287965029478073,
        0.5414201617240906
      ],
      "intercept": -2.039926767349243
    },
    "BP": {
      "mean": [
        0.009594938240932084,
        0.0011329954579021376,
        0.11988888250831847,
        0.01628796120050397,
        0.012992523529030454,
        0.007422478692149146,
        0.030821673322202814
      ],
      "scale": [
        0.0585114045053008,
        0.033640924172565964,
        0.1697753126010713,
        0.07137602026605229,
        0.06377099659194888,
        0.08468706678436935,
        0.07793161338559437
      ],
      "coef": [
        0.05779501050710678,
        0.05742515251040459,
        0.31093427538871765,
        0.35450130701065063,
        0.09631103277206421,
        0.2163945585489273,
        0.6739071011543274
      ],
      "intercept": -1.422410011291504
    },
    "CC": {
      "mean": [
        0.022231276949759952,
        0.001853392843634163,
        0.16532644774892366,
        0.035621236475542536,
        0.03194152836105425,
        0.019970118772903292,
        0.04869444647588527
      ],
      "scale": [
        0.10998036688848582,
        0.043011135518598004,
        0.20714623660369622,
        0.1296116527967396,
        0.12716359718661804,
        0.13861169397595785,
        0.13503957700543998
      ],
      "coef": [
        0.0983005240559578,
        -0.11868945509195328,
        0.2773216664791107,
        0.3969728648662567,
        0.012731215916574001,
        0.2355440855026245,
        0.7033655643463135
      ],
      "intercept": -2.0417869091033936
    }
  }
}