{
  "components": [
    "diam",
    "net_union"
  ],
  "features": "scores",
  "aspects": {
    "MF": {
      "mean": [
        0.06146311504395098,
        0.12948655250712854
      ],
      "scale": [
        0.16154025500333288,
        0.21402001662630948
      ],
      "coef": [
        1.0084954500198364,
        1.6417142152786255
      ],
      "intercept": -2.8632149696350098
    },
    "BP": {
      "mean": [
        0.06647371987196199,
        0.07648449697445156
      ],
      "scale": [
        0.1500524432036531,
        0.12125711529722878
      ],
      "coef": [
        0.6882933974266052,
        0.6946802735328674
      ],
      "intercept": -0.7764018774032593
    },
    "CC": {
      "mean": [
        0.11192613693190345,
        0.16107097416069785
      ],
      "scale": [
        0.22663298156747208,
        0.21734742741109608
      ],
      "coef": [
        0.6834120154380798,
        0.7103090286254883
      ],
      "intercept": -1.1947633028030396
    }
  }
}