{
  "components": [
    "diam",
    "net_union",
    "cnn"
  ],
  "features": "scores",
  "aspects": {
    "MF": {
      "mean": [
        0.011170584278720624,
        0.023533471199882132,
        0.14188531425613965
      ],
      "scale": [
        0.07283176736117575,
        0.1040104460030624,
        0.1833791962416924
      ],
      "coef": [
        0.4797748327255249,
        0.6398260593414307,
        1.0161380767822266
      ],
      "intercept": -3.3885960578918457
    },
    "BP": {
      "mean": [
        0.012522139190969566,
        0.014407942250112335,
        0.12798459317842345
      ],
      "scale": [
        0.07012162628856985,
        0.06053231337126354,
        0.1684417027820529
      ],
      "coef": [
        0.3866170644760132,
        0.48310667276382446,
        0.6978898644447327
      ],
      "intercept": -1.2803515195846558
    },
    "CC": {
      "mean": [
        0.023615380262963077,
        0.03398448663018724,
        0.17102186552333895
      ],
      "scale": [
        0.11367720339143357,
        0.119524692611926,
        0.20768908637672454
      ],
      "coef": [
        0.35576745867729187,
        0.4849776029586792,
        0.7738422155380249
      ],
      "intercept": -2.010024309158325
    }
  }
}