{
  "components": [
    "diam",
    "net_union",
    "interpro",
    "cnn"
  ],
  "features": "scores",
  "aspects": {
    "MF": {
      "mean": [
        0.010771657955800946,
        0.020651679847093256,
        0.007282163564854235,
        0.15106237117298213
      ],
      "scale": [
        0.0731387095143922,
        0.09693200592804498,
        0.08502431216240126,
        0.1758815896362912
      ],
      "coef": [
        0.9839226603507996,
        0.33387526869773865,
        0.05573863163590431,
        0.7127165794372559
      ],
      "intercept": -2.074267864227295
    },
    "BP": {
      "mean": [
        0.0092787372678939,
        0.015751191806988078,
        0.0010956576181745002,
        0.13966195486753644
      ],
      "scale": [
        0.05756469625086176,
        0.0702502718787433,
        0.033082580802275094,
        0.16496520450183833
      ],
      "coef": [
        0.39842653274536133,
        0.45053040981292725,
        0.1273496150970459,
        0.7990215420722961
      ],
      "intercept": -1.3310521841049194
    },
    "CC": {
      "mean": [
        0.020719150436159465,
        0.033198351985208194,
        0.0017273288093769279,
        0.17765213538070734
      ],
      "scale": [
        0.10632162199072114,
        0.12544708053602469,
        0.041525235033165304,
        0.19486041576821267
      ],
      "coef": [
        0.42010697722435,
        0.5333564877510071,
        -0.08598701655864716,
        0.9350715279579163
      ],
      "intercept": -2.186290740966797
    }
  }
}