{
  "components": [
    "diam",
    "interpro",
    "net_union",
    "cnn"
  ],
  "features": "scores",
  "aspects": {
    "MF": {
      "mean": [
        0.01117026307130867,
        0.00840357709149763,
        0.02353279450068809,
        0.1418812343787179
      ],
      "scale": [
        0.07283074485655336,
        0.09128503154234165,
        0.10400902715017013,
        0.18337813803573527
      ],
      "coef": [
        0.4641101062297821,
        0.046893585473299026,
        0.6379695534706116,
        1.0051418542861938
      ],
      "intercept": -3.3863136768341064
    },
    "BP": {
      "mean": [
        0.012522057290594073,
        0.0019262547892416016,
        0.01440784801574372,
        0.12798375610209975
      ],
      "scale": [
        0.07012140428492034,
        0.04384682806963624,
        0.06053212662879226,
        0.16844146994978518
      ],
      "coef": [
        0.35899272561073303,
        0.12245865911245346,
        0.47484371066093445,
        0.6925618648529053
      ],
      "intercept": -1.3017815351486206
    },
    "CC": {
      "mean": [
        0.023615051734904507,
        0.0023489225454829525,
        0.03398401385112166,
        0.17101948633313208
      ],
      "scale": [
        0.11367644679408224,
        0.048408729670993855,
        0.11952392843093963,
        0.2076886212910506
      ],
      "coef": [
        0.37624305486679077,
        -0.09492602944374084,
        0.4913656711578369,
        0.7761632204055786
      ],
      "intercept": -2.020625591278076
    }
  }
}