{
  "components": [
    "diam",
    "interpro",
    "net_union"
  ],
  "features": "scores",
  "aspects": {
    "MF": {
      "mean": [
        0.06116587286782786,
        0.04601611660640278,
        0.12886034173635363
      ],
      "scale": [
        0.1612055694875344,
        0.20952000768113122,
        0.2136907706933337
      ],
      "coef": [
        0.9180607199668884,
        0.24170376360416412,
        1.610025405883789
      ],
      "intercept": -2.8377177715301514
    },
    "BP": {
      "mean": [
        0.06644933020053946,
        0.010221829973324872,
        0.07645643427909288
      ],
      "scale": [
        0.15003031429749872,
        0.10058500964489371,
        0.12124371672241611
      ],
      "coef": [
        0.6104952096939087,
        0.2207900434732437,
        0.6519496440887451
      ],
      "intercept": -0.798975944519043
    },
    "CC": {
      "mean": [
        0.1118881148805092,
        0.011129194996678988,
        0.16101625728199964
      ],
      "scale": [
        0.2266038710280724,
        0.10490632018773828,
        0.2173307773885575
      ],
      "coef": [
        0.7053285837173462,
        -0.08900027722120285,
        0.7161635160446167
      ],
      "intercept": -1.2015531063079834
    }
  }
}