{
  "components": [
    "diam",
    "net_union",
    "cnn"
  ],
  "features": "scores",
  "aspects": {
    "MF": {
      "mean": [
        0.010771657955800946,
        0.020651679847093256,
        0.15106237117298213
      ],
      "scale": [
        0.07313870951439234,
        0.09693200592804492,
        0.17588158963629114
      ],
      "coef": [
        1.0229296684265137,
        0.33545243740081787,
        0.7250528931617737
      ],
      "intercept": -2.080129623413086
    },
    "BP": {
      "mean": [
        0.00927880210456618,
        0.01575130187097973,
        0.13966293077795788
      ],
      "scale": [
        0.057564892145957176,
        0.07025050498207291,
        0.16496536774934037
      ],
      "coef": [
        0.4405521750450134,
        0.45861515402793884,
        0.8054357767105103
      ],
      "intercept": -1.3046573400497437
    },
    "CC": {
      "mean": [
        0.020719150436159465,
        0.033198351985208194,
        0.17765213538070734
      ],
      "scale": [
        0.10632162199072102,
        0.12544708053602455,
        0.19486041576821278
      ],
      "coef": [
        0.4002779424190521,
        0.5278919339179993,
        0.9337979555130005
      ],
      "intercept": -2.177860736846924
    }
  }
}